{
  "run_name": "qlora_beads_500",
  "n_examples": 6816,
  "accuracy": 0.684419014084507,
  "precision_pos": 0.6548738248391885,
  "recall_pos": 0.7778430796356156,
  "f1_pos": 0.7110812625923438,
  "f1_macro": 0.6817084024291928,
  "classification_report": "              precision    recall  f1-score   support\n\n  non-biased     0.7275    0.5913    0.6523      3413\n      biased     0.6549    0.7778    0.7111      3403\n\n    accuracy                         0.6844      6816\n   macro avg     0.6912    0.6846    0.6817      6816\nweighted avg     0.6912    0.6844    0.6817      6816\n",
  "eval_seconds": 178.514,
  "eval_forward_seconds": 174.448,
  "eval_batch_size": 16,
  "smoke_test": false,
  "adapter_path": "outputs/qlora_500/adapter",
  "test_jsonl": "data/frozen/test_held_out.jsonl"
}