{
  "run_name": "qlora_1k",
  "n_examples": 6816,
  "accuracy": 0.6980633802816901,
  "precision_pos": 0.6811203878265554,
  "recall_pos": 0.7431677931237144,
  "f1_pos": 0.7107925801011804,
  "f1_macro": 0.6974773213581409,
  "classification_report": "              precision    recall  f1-score   support\n\n  non-biased     0.7183    0.6531    0.6842      3413\n      biased     0.6811    0.7432    0.7108      3403\n\n    accuracy                         0.6981      6816\n   macro avg     0.6997    0.6981    0.6975      6816\nweighted avg     0.6998    0.6981    0.6975      6816\n",
  "eval_seconds": 179.31,
  "eval_forward_seconds": 175.544,
  "eval_batch_size": 16,
  "smoke_test": false,
  "adapter_path": "outputs/qlora_1k/adapter",
  "test_jsonl": "data/frozen/test_held_out.jsonl"
}