{
  "n_examples": 200,
  "accuracy": 0.65,
  "precision_pos": 0.5813953488372093,
  "recall_pos": 0.8241758241758241,
  "f1_pos": 0.6818181818181818,
  "f1_macro": 0.6464646464646464,
  "classification_report": "              precision    recall  f1-score   support\n\n  non-biased     0.7746    0.5046    0.6111       109\n      biased     0.5814    0.8242    0.6818        91\n\n    accuracy                         0.6500       200\n   macro avg     0.6780    0.6644    0.6465       200\nweighted avg     0.6867    0.6500    0.6433       200\n",
  "eval_seconds": 29.761,
  "smoke_test": false,
  "adapter_path": "outputs/tillicum_1k_calibration/adapter"
}