{
  "run_name": "qlora_beads_100",
  "n_examples": 6816,
  "accuracy": 0.49911971830985913,
  "precision_pos": 0.4991922455573506,
  "recall_pos": 0.9988245665589186,
  "f1_pos": 0.6656874265569918,
  "f1_macro": 0.333720906260952,
  "classification_report": "              precision    recall  f1-score   support\n\n  non-biased     0.4286    0.0009    0.0018      3413\n      biased     0.4992    0.9988    0.6657      3403\n\n    accuracy                         0.4991      6816\n   macro avg     0.4639    0.4999    0.3337      6816\nweighted avg     0.4638    0.4991    0.3332      6816\n",
  "eval_seconds": 181.248,
  "eval_forward_seconds": 177.513,
  "eval_batch_size": 16,
  "smoke_test": false,
  "adapter_path": "outputs/qlora_100/adapter",
  "test_jsonl": "data/frozen/test_held_out.jsonl"
}